{"paths":{},"types":[],"uuids":["92JC7zUflJSYhmJwoXl1Ln","92j+5IJ39EE5+d9IgyZqH4","9cIKas1QRD1LCAE7ExF/lq","dan+jjCvJGM7nz19QxLguC","08MYKKOHdOl5fxHF9FDuS1","9ebHaWt3JJI5i8Kicyq0Wt","ecpdLyjvZBwrvm+cedCcQy","f9z0/NaX9Mt41OA7Zyye3m"],"scenes":{"db://assets/LoadScene/LoadScene.fire":2},"redirect":[6,0],"deps":["internal"],"packs":{},"name":"main","importBase":"import","nativeBase":"native","debug":false,"isZip":false,"encrypted":true,"versions":{"import":[4,"e3f2c",0,"4b3a3",1,"7871f",2,"f091a",5,"651ef",3,"7871f",7,"36ad4"],"native":[0,"37a55",1,"0c535",3,"e0222"]}}